Round,Accuracy
2,0.61475
3,0.7215
4,0.72225
5,0.7295
6,0.763
7,0.7505
8,0.7665
9,0.77675
10,0.78375
11,0.773
12,0.77775
13,0.7815
14,0.789
15,0.7945
16,0.79675
17,0.79675
18,0.805
19,0.783
20,0.79975
